transaction_id,account_id,customer_id,beneficiary_id,device_id,network_cluster_id,network_cluster_size,account_degree,shared_device_count,shared_beneficiary_count,device_account_count,beneficiary_account_count,account_centrality,network_risk_score,network_risk_band,network_risk_reasons,fraud_probability,fraud_prediction,aml_risk_score,aml_risk_band,aml_risk_reasons,anomaly_score,is_anomaly,anomaly_band,priority_score,priority_band,recommended_action
TXN0000424,ACCT000598,CUST000460,BEN000296,DEV000264,1,7470,10,6,4,7,5,0.0013159626266614028,98,Critical,SHARED_DEVICE; DEVICE_USED_BY_MULTIPLE_ACCOUNTS; DEVICE_LINKED_TO_SUSPICIOUS_ACTIVITY; SHARED_BENEFICIARY; BENEFICIARY_PAID_BY_MULTIPLE_ACCOUNTS; BENEFICIARY_LINKED_TO_HIGH_RISK_ACTIVITY; MULE_NETWORK_INDICATOR,,,77,High,Structuring pattern indicator; Account takeover style activity; Repeated round-amount activity; High-value transaction; Cross-border transaction; Synthetic suspicious helper label present,96.834,True,Critical,,,
TXN0001554,ACCT000234,CUST000206,BEN000217,DEV000032,1,7470,19,7,6,8,7,0.0025003289906566657,98,Critical,SHARED_DEVICE; DEVICE_USED_BY_MULTIPLE_ACCOUNTS; DEVICE_LINKED_TO_SUSPICIOUS_ACTIVITY; SHARED_BENEFICIARY; BENEFICIARY_PAID_BY_MULTIPLE_ACCOUNTS; BENEFICIARY_LINKED_TO_HIGH_RISK_ACTIVITY; MULE_NETWORK_INDICATOR,,,77,High,Structuring pattern indicator; Account takeover style activity; Repeated round-amount activity; High-value transaction; Cross-border transaction; Synthetic suspicious helper label present,90.1304,True,Critical,,,
TXN0003408,ACCT000621,CUST000116,BEN000646,DEV000341,1,7470,48,12,7,13,8,0.006316620607974734,98,Critical,SHARED_DEVICE; DEVICE_USED_BY_MULTIPLE_ACCOUNTS; DEVICE_LINKED_TO_SUSPICIOUS_ACTIVITY; SHARED_BENEFICIARY; BENEFICIARY_PAID_BY_MULTIPLE_ACCOUNTS; BENEFICIARY_LINKED_TO_HIGH_RISK_ACTIVITY; MULE_NETWORK_INDICATOR,,,75,High,High-risk jurisdiction exposure; Structuring pattern indicator; Repeated round-amount activity; High-value transaction; Cross-border transaction; Synthetic suspicious helper label present,100.0,True,Critical,,,
TXN0001106,ACCT000029,CUST000014,BEN000216,DEV000166,1,7470,22,11,6,12,7,0.0028951177786550866,98,Critical,SHARED_DEVICE; DEVICE_USED_BY_MULTIPLE_ACCOUNTS; DEVICE_LINKED_TO_SUSPICIOUS_ACTIVITY; SHARED_BENEFICIARY; BENEFICIARY_PAID_BY_MULTIPLE_ACCOUNTS; BENEFICIARY_LINKED_TO_HIGH_RISK_ACTIVITY; MULE_NETWORK_INDICATOR,,,75,High,High-risk jurisdiction exposure; Structuring pattern indicator; Repeated round-amount activity; High-value transaction; Cross-border transaction; Synthetic suspicious helper label present,96.3972,True,Critical,,,
TXN0003854,ACCT000610,CUST000308,BEN000251,DEV000129,1,7470,40,5,13,6,14,0.005263850506645611,98,Critical,SHARED_DEVICE; DEVICE_USED_BY_MULTIPLE_ACCOUNTS; DEVICE_LINKED_TO_SUSPICIOUS_ACTIVITY; SHARED_BENEFICIARY; BENEFICIARY_PAID_BY_MULTIPLE_ACCOUNTS; BENEFICIARY_LINKED_TO_HIGH_RISK_ACTIVITY; BENEFICIARY_LINKED_TO_HIGH_VALUE_ACTIVITY; MULE_NETWORK_INDICATOR,,,75,High,High-risk jurisdiction exposure; Structuring pattern indicator; Repeated round-amount activity; High-value transaction; Cross-border transaction; Synthetic suspicious helper label present,95.6459,True,Critical,,,
TXN0002209,ACCT000693,CUST000133,BEN000180,DEV000585,1,7470,25,4,5,5,6,0.0032899065666535075,98,Critical,SHARED_DEVICE; DEVICE_USED_BY_MULTIPLE_ACCOUNTS; DEVICE_LINKED_TO_SUSPICIOUS_ACTIVITY; SHARED_BENEFICIARY; BENEFICIARY_PAID_BY_MULTIPLE_ACCOUNTS; BENEFICIARY_LINKED_TO_HIGH_RISK_ACTIVITY; MULE_NETWORK_INDICATOR,,,75,High,High-risk jurisdiction exposure; Structuring pattern indicator; Repeated round-amount activity; High-value transaction; Cross-border transaction; Synthetic suspicious helper label present,93.6632,True,Critical,,,
TXN0004698,ACCT000358,CUST000183,BEN000484,DEV000510,1,7470,25,5,3,6,4,0.0032899065666535075,98,Critical,SHARED_DEVICE; DEVICE_USED_BY_MULTIPLE_ACCOUNTS; DEVICE_LINKED_TO_SUSPICIOUS_ACTIVITY; SHARED_BENEFICIARY; BENEFICIARY_PAID_BY_MULTIPLE_ACCOUNTS; BENEFICIARY_LINKED_TO_HIGH_RISK_ACTIVITY; MULE_NETWORK_INDICATOR,,,75,High,High-risk jurisdiction exposure; Structuring pattern indicator; Repeated round-amount activity; High-value transaction; Cross-border transaction; Synthetic suspicious helper label present,92.3517,True,Critical,,,
TXN0003538,ACCT000694,CUST000042,BEN000040,DEV000081,1,7470,19,5,3,6,4,0.0025003289906566657,98,Critical,SHARED_DEVICE; DEVICE_USED_BY_MULTIPLE_ACCOUNTS; DEVICE_LINKED_TO_SUSPICIOUS_ACTIVITY; SHARED_BENEFICIARY; BENEFICIARY_PAID_BY_MULTIPLE_ACCOUNTS; BENEFICIARY_LINKED_TO_HIGH_RISK_ACTIVITY; MULE_NETWORK_INDICATOR,,,75,High,High-risk jurisdiction exposure; Structuring pattern indicator; Repeated round-amount activity; High-value transaction; Cross-border transaction; Synthetic suspicious helper label present,91.3826,True,Critical,,,
TXN0001481,ACCT000640,CUST000225,BEN000089,DEV000498,1,7470,25,7,6,8,7,0.0032899065666535075,98,Critical,SHARED_DEVICE; DEVICE_USED_BY_MULTIPLE_ACCOUNTS; DEVICE_LINKED_TO_SUSPICIOUS_ACTIVITY; SHARED_BENEFICIARY; BENEFICIARY_PAID_BY_MULTIPLE_ACCOUNTS; BENEFICIARY_LINKED_TO_HIGH_RISK_ACTIVITY; MULE_NETWORK_INDICATOR,,,75,High,High-risk jurisdiction exposure; Structuring pattern indicator; Repeated round-amount activity; High-value transaction; Cross-border transaction; Synthetic suspicious helper label present,88.7949,True,Critical,,,
TXN0002712,ACCT000073,CUST000120,BEN000090,DEV000306,1,7470,40,10,8,11,9,0.005263850506645611,88,High,SHARED_DEVICE; DEVICE_USED_BY_MULTIPLE_ACCOUNTS; DEVICE_LINKED_TO_SUSPICIOUS_ACTIVITY; SHARED_BENEFICIARY; BENEFICIARY_PAID_BY_MULTIPLE_ACCOUNTS; BENEFICIARY_LINKED_TO_HIGH_RISK_ACTIVITY; MULE_NETWORK_INDICATOR,,,65,Medium,Rapid movement of funds; Account takeover style activity; High-value transaction; Cross-border transaction; Synthetic suspicious helper label present,95.7553,True,Critical,,,
TXN0002120,ACCT000373,CUST000369,BEN000364,DEV000490,1,7470,16,8,4,9,5,0.0021055402026582447,88,High,SHARED_DEVICE; DEVICE_USED_BY_MULTIPLE_ACCOUNTS; DEVICE_LINKED_TO_SUSPICIOUS_ACTIVITY; SHARED_BENEFICIARY; BENEFICIARY_PAID_BY_MULTIPLE_ACCOUNTS; BENEFICIARY_LINKED_TO_HIGH_RISK_ACTIVITY; MULE_NETWORK_INDICATOR,,,65,Medium,Rapid movement of funds; Account takeover style activity; High-value transaction; Cross-border transaction; Synthetic suspicious helper label present,95.3009,True,Critical,,,
TXN0002302,ACCT000599,CUST000395,BEN000636,DEV000525,1,7470,31,11,10,12,11,0.004079484142650349,88,High,SHARED_DEVICE; DEVICE_USED_BY_MULTIPLE_ACCOUNTS; DEVICE_LINKED_TO_SUSPICIOUS_ACTIVITY; SHARED_BENEFICIARY; BENEFICIARY_PAID_BY_MULTIPLE_ACCOUNTS; BENEFICIARY_LINKED_TO_HIGH_RISK_ACTIVITY; MULE_NETWORK_INDICATOR,,,65,Medium,Rapid movement of funds; Account takeover style activity; High-value transaction; Cross-border transaction; Synthetic suspicious helper label present,94.2353,True,Critical,,,
TXN0002227,ACCT000140,CUST000462,BEN000752,DEV000037,1,7470,48,13,2,14,3,0.006316620607974734,88,High,SHARED_DEVICE; DEVICE_USED_BY_MULTIPLE_ACCOUNTS; DEVICE_LINKED_TO_SUSPICIOUS_ACTIVITY; SHARED_BENEFICIARY; BENEFICIARY_PAID_BY_MULTIPLE_ACCOUNTS; BENEFICIARY_LINKED_TO_HIGH_RISK_ACTIVITY; MULE_NETWORK_INDICATOR,,,65,Medium,High-risk jurisdiction exposure; Structuring pattern indicator; Repeated round-amount activity; Cross-border transaction; Synthetic suspicious helper label present,93.7466,True,Critical,,,
TXN0004972,ACCT000458,CUST000359,BEN000011,DEV000278,1,7470,40,12,3,13,4,0.005263850506645611,88,High,SHARED_DEVICE; DEVICE_USED_BY_MULTIPLE_ACCOUNTS; DEVICE_LINKED_TO_SUSPICIOUS_ACTIVITY; SHARED_BENEFICIARY; BENEFICIARY_PAID_BY_MULTIPLE_ACCOUNTS; BENEFICIARY_LINKED_TO_HIGH_RISK_ACTIVITY; MULE_NETWORK_INDICATOR,,,65,Medium,High-risk jurisdiction exposure; Structuring pattern indicator; Repeated round-amount activity; Cross-border transaction; Synthetic suspicious helper label present,92.5914,True,Critical,,,
TXN0001296,ACCT000180,CUST000023,BEN000019,DEV000063,1,7470,34,9,4,10,5,0.00447427293064877,88,High,SHARED_DEVICE; DEVICE_USED_BY_MULTIPLE_ACCOUNTS; DEVICE_LINKED_TO_SUSPICIOUS_ACTIVITY; SHARED_BENEFICIARY; BENEFICIARY_PAID_BY_MULTIPLE_ACCOUNTS; BENEFICIARY_LINKED_TO_HIGH_RISK_ACTIVITY; MULE_NETWORK_INDICATOR,,,65,Medium,High-risk jurisdiction exposure; Structuring pattern indicator; Repeated round-amount activity; Cross-border transaction; Synthetic suspicious helper label present,90.8212,True,Critical,,,
TXN0003347,ACCT000550,CUST000158,BEN000653,DEV000367,1,7470,22,8,7,9,8,0.0028951177786550866,88,High,SHARED_DEVICE; DEVICE_USED_BY_MULTIPLE_ACCOUNTS; DEVICE_LINKED_TO_SUSPICIOUS_ACTIVITY; SHARED_BENEFICIARY; BENEFICIARY_PAID_BY_MULTIPLE_ACCOUNTS; BENEFICIARY_LINKED_TO_HIGH_RISK_ACTIVITY; MULE_NETWORK_INDICATOR,,,65,Medium,High-risk jurisdiction exposure; Structuring pattern indicator; Repeated round-amount activity; Cross-border transaction; Synthetic suspicious helper label present,90.4775,True,Critical,,,
TXN0000492,ACCT000564,CUST000033,BEN000643,DEV000381,1,7470,28,12,9,13,10,0.0036846953546519285,88,High,SHARED_DEVICE; DEVICE_USED_BY_MULTIPLE_ACCOUNTS; DEVICE_LINKED_TO_SUSPICIOUS_ACTIVITY; SHARED_BENEFICIARY; BENEFICIARY_PAID_BY_MULTIPLE_ACCOUNTS; BENEFICIARY_LINKED_TO_HIGH_RISK_ACTIVITY; MULE_NETWORK_INDICATOR,,,65,Medium,Rapid movement of funds; Account takeover style activity; High-value transaction; Cross-border transaction; Synthetic suspicious helper label present,90.377,True,Critical,,,
TXN0001547,ACCT000137,CUST000128,BEN000028,DEV000292,1,7470,31,11,9,12,10,0.004079484142650349,88,High,SHARED_DEVICE; DEVICE_USED_BY_MULTIPLE_ACCOUNTS; DEVICE_LINKED_TO_SUSPICIOUS_ACTIVITY; SHARED_BENEFICIARY; BENEFICIARY_PAID_BY_MULTIPLE_ACCOUNTS; BENEFICIARY_LINKED_TO_HIGH_RISK_ACTIVITY; MULE_NETWORK_INDICATOR,0.999792358611038,1.0,65,Medium,High-risk jurisdiction exposure; Structuring pattern indicator; Repeated round-amount activity; Cross-border transaction; Synthetic suspicious helper label present,87.6402,True,Critical,80.74,High,Investigator review
TXN0002594,ACCT000272,CUST000111,BEN000159,DEV000188,1,7470,16,12,4,13,5,0.0021055402026582447,88,High,SHARED_DEVICE; DEVICE_USED_BY_MULTIPLE_ACCOUNTS; DEVICE_LINKED_TO_SUSPICIOUS_ACTIVITY; SHARED_BENEFICIARY; BENEFICIARY_PAID_BY_MULTIPLE_ACCOUNTS; BENEFICIARY_LINKED_TO_HIGH_RISK_ACTIVITY; MULE_NETWORK_INDICATOR,,,65,Medium,High-risk jurisdiction exposure; Structuring pattern indicator; Repeated round-amount activity; Cross-border transaction; Synthetic suspicious helper label present,86.9245,True,Critical,,,
TXN0000707,ACCT000519,CUST000380,BEN000068,DEV000363,1,7470,13,8,9,9,10,0.0017107514146598238,88,High,SHARED_DEVICE; DEVICE_USED_BY_MULTIPLE_ACCOUNTS; DEVICE_LINKED_TO_SUSPICIOUS_ACTIVITY; SHARED_BENEFICIARY; BENEFICIARY_PAID_BY_MULTIPLE_ACCOUNTS; BENEFICIARY_LINKED_TO_HIGH_RISK_ACTIVITY; BENEFICIARY_LINKED_TO_HIGH_VALUE_ACTIVITY; MULE_NETWORK_INDICATOR,,,65,Medium,Rapid movement of funds; Account takeover style activity; High-value transaction; Cross-border transaction; Synthetic suspicious helper label present,86.9178,True,Critical,,,
TXN0000135,ACCT000066,CUST000319,BEN000251,DEV000309,1,7470,16,6,13,7,14,0.0021055402026582447,88,High,SHARED_DEVICE; DEVICE_USED_BY_MULTIPLE_ACCOUNTS; DEVICE_LINKED_TO_SUSPICIOUS_ACTIVITY; SHARED_BENEFICIARY; BENEFICIARY_PAID_BY_MULTIPLE_ACCOUNTS; BENEFICIARY_LINKED_TO_HIGH_RISK_ACTIVITY; BENEFICIARY_LINKED_TO_HIGH_VALUE_ACTIVITY; MULE_NETWORK_INDICATOR,0.999979875717412,1.0,65,Medium,High-risk jurisdiction exposure; Structuring pattern indicator; Repeated round-amount activity; Cross-border transaction; Synthetic suspicious helper label present,86.7568,True,Critical,80.75,High,Investigator review
TXN0002530,ACCT000228,CUST000053,BEN000584,DEV000529,1,7470,31,8,5,9,6,0.004079484142650349,88,High,SHARED_DEVICE; DEVICE_USED_BY_MULTIPLE_ACCOUNTS; DEVICE_LINKED_TO_SUSPICIOUS_ACTIVITY; SHARED_BENEFICIARY; BENEFICIARY_PAID_BY_MULTIPLE_ACCOUNTS; BENEFICIARY_LINKED_TO_HIGH_RISK_ACTIVITY; MULE_NETWORK_INDICATOR,,,65,Medium,Rapid movement of funds; Account takeover style activity; High-value transaction; Cross-border transaction; Synthetic suspicious helper label present,86.3565,True,Critical,,,
TXN0001184,ACCT000319,CUST000197,BEN000715,DEV000543,1,7470,31,7,10,8,11,0.004079484142650349,88,High,SHARED_DEVICE; DEVICE_USED_BY_MULTIPLE_ACCOUNTS; DEVICE_LINKED_TO_SUSPICIOUS_ACTIVITY; SHARED_BENEFICIARY; BENEFICIARY_PAID_BY_MULTIPLE_ACCOUNTS; BENEFICIARY_LINKED_TO_HIGH_RISK_ACTIVITY; MULE_NETWORK_INDICATOR,,,65,Medium,High-risk jurisdiction exposure; Structuring pattern indicator; Repeated round-amount activity; Cross-border transaction; Synthetic suspicious helper label present,85.6958,True,Critical,,,
TXN0004650,ACCT000654,CUST000169,BEN000031,DEV000302,1,7470,28,5,4,6,5,0.0036846953546519285,88,High,SHARED_DEVICE; DEVICE_USED_BY_MULTIPLE_ACCOUNTS; DEVICE_LINKED_TO_SUSPICIOUS_ACTIVITY; SHARED_BENEFICIARY; BENEFICIARY_PAID_BY_MULTIPLE_ACCOUNTS; BENEFICIARY_LINKED_TO_HIGH_RISK_ACTIVITY; MULE_NETWORK_INDICATOR,,,65,Medium,High-risk jurisdiction exposure; Structuring pattern indicator; Repeated round-amount activity; Cross-border transaction; Synthetic suspicious helper label present,84.9116,True,High,,,
TXN0000310,ACCT000647,CUST000270,BEN000164,DEV000256,1,7470,24,8,9,9,10,0.003158310303987367,88,High,SHARED_DEVICE; DEVICE_USED_BY_MULTIPLE_ACCOUNTS; DEVICE_LINKED_TO_SUSPICIOUS_ACTIVITY; SHARED_BENEFICIARY; BENEFICIARY_PAID_BY_MULTIPLE_ACCOUNTS; BENEFICIARY_LINKED_TO_HIGH_RISK_ACTIVITY; MULE_NETWORK_INDICATOR,,,65,Medium,Rapid movement of funds; Account takeover style activity; High-value transaction; Cross-border transaction; Synthetic suspicious helper label present,84.4659,True,High,,,
TXN0001755,ACCT000117,CUST000399,BEN000581,DEV000499,1,7470,22,7,4,8,5,0.0028951177786550866,88,High,SHARED_DEVICE; DEVICE_USED_BY_MULTIPLE_ACCOUNTS; DEVICE_LINKED_TO_SUSPICIOUS_ACTIVITY; SHARED_BENEFICIARY; BENEFICIARY_PAID_BY_MULTIPLE_ACCOUNTS; BENEFICIARY_LINKED_TO_HIGH_RISK_ACTIVITY; MULE_NETWORK_INDICATOR,,,65,Medium,High-risk jurisdiction exposure; Structuring pattern indicator; Repeated round-amount activity; Cross-border transaction; Synthetic suspicious helper label present,84.1057,True,High,,,
TXN0001099,ACCT000219,CUST000004,BEN000251,DEV000106,1,7470,25,8,13,9,14,0.0032899065666535075,88,High,SHARED_DEVICE; DEVICE_USED_BY_MULTIPLE_ACCOUNTS; DEVICE_LINKED_TO_SUSPICIOUS_ACTIVITY; SHARED_BENEFICIARY; BENEFICIARY_PAID_BY_MULTIPLE_ACCOUNTS; BENEFICIARY_LINKED_TO_HIGH_RISK_ACTIVITY; BENEFICIARY_LINKED_TO_HIGH_VALUE_ACTIVITY; MULE_NETWORK_INDICATOR,0.9999931637906588,1.0,65,Medium,High-risk jurisdiction exposure; Structuring pattern indicator; Repeated round-amount activity; Cross-border transaction; Synthetic suspicious helper label present,83.8366,True,High,80.75,High,Investigator review
TXN0004443,ACCT000525,CUST000245,BEN000450,DEV000360,1,7470,25,7,5,8,6,0.0032899065666535075,88,High,SHARED_DEVICE; DEVICE_USED_BY_MULTIPLE_ACCOUNTS; DEVICE_LINKED_TO_SUSPICIOUS_ACTIVITY; SHARED_BENEFICIARY; BENEFICIARY_PAID_BY_MULTIPLE_ACCOUNTS; BENEFICIARY_LINKED_TO_HIGH_RISK_ACTIVITY; MULE_NETWORK_INDICATOR,,,65,Medium,Rapid movement of funds; Account takeover style activity; High-value transaction; Cross-border transaction; Synthetic suspicious helper label present,83.4772,True,High,,,
TXN0004946,ACCT000626,CUST000123,BEN000541,DEV000087,1,7470,19,10,9,11,10,0.0025003289906566657,88,High,SHARED_DEVICE; DEVICE_USED_BY_MULTIPLE_ACCOUNTS; DEVICE_LINKED_TO_SUSPICIOUS_ACTIVITY; SHARED_BENEFICIARY; BENEFICIARY_PAID_BY_MULTIPLE_ACCOUNTS; BENEFICIARY_LINKED_TO_HIGH_RISK_ACTIVITY; MULE_NETWORK_INDICATOR,,,65,Medium,Rapid movement of funds; Account takeover style activity; High-value transaction; Cross-border transaction; Synthetic suspicious helper label present,82.8115,True,High,,,
TXN0002853,ACCT000334,CUST000123,BEN000718,DEV000241,1,7470,28,7,7,8,8,0.0036846953546519285,88,High,SHARED_DEVICE; DEVICE_USED_BY_MULTIPLE_ACCOUNTS; DEVICE_LINKED_TO_SUSPICIOUS_ACTIVITY; SHARED_BENEFICIARY; BENEFICIARY_PAID_BY_MULTIPLE_ACCOUNTS; BENEFICIARY_LINKED_TO_HIGH_RISK_ACTIVITY; MULE_NETWORK_INDICATOR,,,65,Medium,High-risk jurisdiction exposure; Structuring pattern indicator; Repeated round-amount activity; Cross-border transaction; Synthetic suspicious helper label present,82.5282,True,High,,,
TXN0004132,ACCT000618,CUST000108,BEN000718,DEV000360,1,7470,19,7,7,8,8,0.0025003289906566657,88,High,SHARED_DEVICE; DEVICE_USED_BY_MULTIPLE_ACCOUNTS; DEVICE_LINKED_TO_SUSPICIOUS_ACTIVITY; SHARED_BENEFICIARY; BENEFICIARY_PAID_BY_MULTIPLE_ACCOUNTS; BENEFICIARY_LINKED_TO_HIGH_RISK_ACTIVITY; MULE_NETWORK_INDICATOR,,,65,Medium,High-risk jurisdiction exposure; Structuring pattern indicator; Repeated round-amount activity; Cross-border transaction; Synthetic suspicious helper label present,81.7905,True,High,,,
TXN0003394,ACCT000319,CUST000197,BEN000465,DEV000553,1,7470,31,9,3,10,4,0.004079484142650349,88,High,SHARED_DEVICE; DEVICE_USED_BY_MULTIPLE_ACCOUNTS; DEVICE_LINKED_TO_SUSPICIOUS_ACTIVITY; SHARED_BENEFICIARY; BENEFICIARY_PAID_BY_MULTIPLE_ACCOUNTS; BENEFICIARY_LINKED_TO_HIGH_RISK_ACTIVITY; MULE_NETWORK_INDICATOR,,,65,Medium,High-risk jurisdiction exposure; Structuring pattern indicator; Repeated round-amount activity; Cross-border transaction; Synthetic suspicious helper label present,81.1335,True,High,,,
TXN0004905,ACCT000352,CUST000295,BEN000098,DEV000099,1,7470,34,12,1,13,2,0.00447427293064877,88,High,SHARED_DEVICE; DEVICE_USED_BY_MULTIPLE_ACCOUNTS; DEVICE_LINKED_TO_SUSPICIOUS_ACTIVITY; SHARED_BENEFICIARY; BENEFICIARY_PAID_BY_MULTIPLE_ACCOUNTS; BENEFICIARY_LINKED_TO_HIGH_RISK_ACTIVITY; MULE_NETWORK_INDICATOR,,,65,Medium,High-risk jurisdiction exposure; Structuring pattern indicator; Repeated round-amount activity; Cross-border transaction; Synthetic suspicious helper label present,79.968,True,High,,,
TXN0000381,ACCT000383,CUST000417,BEN000723,DEV000570,1,7470,16,14,9,15,10,0.0021055402026582447,88,High,SHARED_DEVICE; DEVICE_USED_BY_MULTIPLE_ACCOUNTS; DEVICE_LINKED_TO_SUSPICIOUS_ACTIVITY; SHARED_BENEFICIARY; BENEFICIARY_PAID_BY_MULTIPLE_ACCOUNTS; BENEFICIARY_LINKED_TO_HIGH_RISK_ACTIVITY; MULE_NETWORK_INDICATOR,,,65,Medium,Rapid movement of funds; Account takeover style activity; High-value transaction; Cross-border transaction; Synthetic suspicious helper label present,78.0285,True,High,,,
TXN0004144,ACCT000083,CUST000355,BEN000044,DEV000544,1,7470,31,8,5,9,6,0.004079484142650349,88,High,SHARED_DEVICE; DEVICE_USED_BY_MULTIPLE_ACCOUNTS; DEVICE_LINKED_TO_SUSPICIOUS_ACTIVITY; SHARED_BENEFICIARY; BENEFICIARY_PAID_BY_MULTIPLE_ACCOUNTS; BENEFICIARY_LINKED_TO_HIGH_RISK_ACTIVITY; MULE_NETWORK_INDICATOR,0.9998739461439274,1.0,65,Medium,High-risk jurisdiction exposure; Structuring pattern indicator; Repeated round-amount activity; Cross-border transaction; Synthetic suspicious helper label present,77.0606,True,High,80.74,High,Investigator review
TXN0003384,ACCT000181,CUST000096,BEN000118,DEV000435,1,7470,28,10,6,11,7,0.0036846953546519285,88,High,SHARED_DEVICE; DEVICE_USED_BY_MULTIPLE_ACCOUNTS; DEVICE_LINKED_TO_SUSPICIOUS_ACTIVITY; SHARED_BENEFICIARY; BENEFICIARY_PAID_BY_MULTIPLE_ACCOUNTS; BENEFICIARY_LINKED_TO_HIGH_RISK_ACTIVITY; MULE_NETWORK_INDICATOR,,,65,Medium,High-risk jurisdiction exposure; Structuring pattern indicator; Repeated round-amount activity; Cross-border transaction; Synthetic suspicious helper label present,74.3197,True,High,,,
TXN0000301,ACCT000027,CUST000294,BEN000109,DEV000120,1,7470,16,10,2,11,3,0.0021055402026582447,88,High,SHARED_DEVICE; DEVICE_USED_BY_MULTIPLE_ACCOUNTS; DEVICE_LINKED_TO_SUSPICIOUS_ACTIVITY; SHARED_BENEFICIARY; BENEFICIARY_PAID_BY_MULTIPLE_ACCOUNTS; BENEFICIARY_LINKED_TO_HIGH_RISK_ACTIVITY; MULE_NETWORK_INDICATOR,,,63,Medium,High-risk jurisdiction exposure; Rapid movement of funds; High-value transaction; Cross-border transaction; Synthetic suspicious helper label present,91.6146,True,Critical,,,
TXN0004428,ACCT000183,CUST000191,BEN000300,DEV000036,1,7470,19,10,4,11,5,0.0025003289906566657,88,High,SHARED_DEVICE; DEVICE_USED_BY_MULTIPLE_ACCOUNTS; DEVICE_LINKED_TO_SUSPICIOUS_ACTIVITY; SHARED_BENEFICIARY; BENEFICIARY_PAID_BY_MULTIPLE_ACCOUNTS; BENEFICIARY_LINKED_TO_HIGH_RISK_ACTIVITY; MULE_NETWORK_INDICATOR,,,63,Medium,High-risk jurisdiction exposure; Rapid movement of funds; High-value transaction; Cross-border transaction; Synthetic suspicious helper label present,88.3634,True,Critical,,,
TXN0001367,ACCT000652,CUST000454,BEN000251,DEV000522,1,7470,28,9,13,10,14,0.0036846953546519285,88,High,SHARED_DEVICE; DEVICE_USED_BY_MULTIPLE_ACCOUNTS; DEVICE_LINKED_TO_SUSPICIOUS_ACTIVITY; SHARED_BENEFICIARY; BENEFICIARY_PAID_BY_MULTIPLE_ACCOUNTS; BENEFICIARY_LINKED_TO_HIGH_RISK_ACTIVITY; BENEFICIARY_LINKED_TO_HIGH_VALUE_ACTIVITY; MULE_NETWORK_INDICATOR,,,63,Medium,High-risk jurisdiction exposure; Rapid movement of funds; High-value transaction; Cross-border transaction; Synthetic suspicious helper label present,86.6939,True,Critical,,,
TXN0001850,ACCT000033,CUST000253,BEN000339,DEV000486,1,7470,31,12,11,13,12,0.004079484142650349,88,High,SHARED_DEVICE; DEVICE_USED_BY_MULTIPLE_ACCOUNTS; DEVICE_LINKED_TO_SUSPICIOUS_ACTIVITY; SHARED_BENEFICIARY; BENEFICIARY_PAID_BY_MULTIPLE_ACCOUNTS; BENEFICIARY_LINKED_TO_HIGH_RISK_ACTIVITY; MULE_NETWORK_INDICATOR,0.9999999999999988,1.0,63,Medium,High-risk jurisdiction exposure; Rapid movement of funds; High-value transaction; Cross-border transaction; Synthetic suspicious helper label present,85.2284,True,High,79.65,High,Investigator review
TXN0004298,ACCT000184,CUST000217,BEN000739,DEV000145,1,7470,13,11,6,12,7,0.0017107514146598238,88,High,SHARED_DEVICE; DEVICE_USED_BY_MULTIPLE_ACCOUNTS; DEVICE_LINKED_TO_SUSPICIOUS_ACTIVITY; SHARED_BENEFICIARY; BENEFICIARY_PAID_BY_MULTIPLE_ACCOUNTS; BENEFICIARY_LINKED_TO_HIGH_RISK_ACTIVITY; MULE_NETWORK_INDICATOR,,,63,Medium,High-risk jurisdiction exposure; Rapid movement of funds; High-value transaction; Cross-border transaction; Synthetic suspicious helper label present,84.0699,True,High,,,
TXN0002503,ACCT000414,CUST000079,BEN000593,DEV000572,1,7470,28,5,5,6,6,0.0036846953546519285,88,High,SHARED_DEVICE; DEVICE_USED_BY_MULTIPLE_ACCOUNTS; DEVICE_LINKED_TO_SUSPICIOUS_ACTIVITY; SHARED_BENEFICIARY; BENEFICIARY_PAID_BY_MULTIPLE_ACCOUNTS; BENEFICIARY_LINKED_TO_HIGH_RISK_ACTIVITY; MULE_NETWORK_INDICATOR,,,63,Medium,High-risk jurisdiction exposure; Rapid movement of funds; High-value transaction; Cross-border transaction; Synthetic suspicious helper label present,81.8425,True,High,,,
TXN0003599,ACCT000600,CUST000125,BEN000031,DEV000411,1,7470,16,12,4,13,5,0.0021055402026582447,88,High,SHARED_DEVICE; DEVICE_USED_BY_MULTIPLE_ACCOUNTS; DEVICE_LINKED_TO_SUSPICIOUS_ACTIVITY; SHARED_BENEFICIARY; BENEFICIARY_PAID_BY_MULTIPLE_ACCOUNTS; BENEFICIARY_LINKED_TO_HIGH_RISK_ACTIVITY; MULE_NETWORK_INDICATOR,0.9999999996738682,1.0,63,Medium,High-risk jurisdiction exposure; Rapid movement of funds; High-value transaction; Cross-border transaction; Synthetic suspicious helper label present,81.0385,True,High,79.65,High,Investigator review
TXN0002838,ACCT000690,CUST000233,BEN000028,DEV000050,1,7470,22,12,9,13,10,0.0028951177786550866,88,High,SHARED_DEVICE; DEVICE_USED_BY_MULTIPLE_ACCOUNTS; DEVICE_LINKED_TO_SUSPICIOUS_ACTIVITY; SHARED_BENEFICIARY; BENEFICIARY_PAID_BY_MULTIPLE_ACCOUNTS; BENEFICIARY_LINKED_TO_HIGH_RISK_ACTIVITY; MULE_NETWORK_INDICATOR,,,63,Medium,High-risk jurisdiction exposure; Rapid movement of funds; High-value transaction; Cross-border transaction; Synthetic suspicious helper label present,80.0952,True,High,,,
TXN0003190,ACCT000051,CUST000302,BEN000333,DEV000348,1,7470,19,10,8,11,9,0.0025003289906566657,88,High,SHARED_DEVICE; DEVICE_USED_BY_MULTIPLE_ACCOUNTS; DEVICE_LINKED_TO_SUSPICIOUS_ACTIVITY; SHARED_BENEFICIARY; BENEFICIARY_PAID_BY_MULTIPLE_ACCOUNTS; BENEFICIARY_LINKED_TO_HIGH_RISK_ACTIVITY; MULE_NETWORK_INDICATOR,,,63,Medium,High-risk jurisdiction exposure; Rapid movement of funds; High-value transaction; Cross-border transaction; Synthetic suspicious helper label present,80.0622,True,High,,,
TXN0000156,ACCT000348,CUST000338,BEN000595,DEV000595,1,7470,19,10,2,11,3,0.0025003289906566657,88,High,SHARED_DEVICE; DEVICE_USED_BY_MULTIPLE_ACCOUNTS; DEVICE_LINKED_TO_SUSPICIOUS_ACTIVITY; SHARED_BENEFICIARY; BENEFICIARY_PAID_BY_MULTIPLE_ACCOUNTS; BENEFICIARY_LINKED_TO_HIGH_RISK_ACTIVITY; MULE_NETWORK_INDICATOR,,,63,Medium,High-risk jurisdiction exposure; Rapid movement of funds; High-value transaction; Cross-border transaction; Synthetic suspicious helper label present,74.2101,True,High,,,
TXN0003818,ACCT000242,CUST000311,BEN000251,DEV000506,1,7470,22,4,13,5,14,0.0028951177786550866,88,High,SHARED_DEVICE; DEVICE_USED_BY_MULTIPLE_ACCOUNTS; DEVICE_LINKED_TO_SUSPICIOUS_ACTIVITY; SHARED_BENEFICIARY; BENEFICIARY_PAID_BY_MULTIPLE_ACCOUNTS; BENEFICIARY_LINKED_TO_HIGH_RISK_ACTIVITY; BENEFICIARY_LINKED_TO_HIGH_VALUE_ACTIVITY; MULE_NETWORK_INDICATOR,,,63,Medium,High-risk jurisdiction exposure; Rapid movement of funds; High-value transaction; Cross-border transaction; Synthetic suspicious helper label present,73.5904,True,High,,,
TXN0001102,ACCT000038,CUST000421,BEN000394,DEV000013,1,7470,24,6,4,7,5,0.003158310303987367,88,High,SHARED_DEVICE; DEVICE_USED_BY_MULTIPLE_ACCOUNTS; DEVICE_LINKED_TO_SUSPICIOUS_ACTIVITY; SHARED_BENEFICIARY; BENEFICIARY_PAID_BY_MULTIPLE_ACCOUNTS; BENEFICIARY_LINKED_TO_HIGH_RISK_ACTIVITY; MULE_NETWORK_INDICATOR,,,63,Medium,High-risk jurisdiction exposure; Rapid movement of funds; High-value transaction; Cross-border transaction; Synthetic suspicious helper label present,69.5748,True,High,,,
TXN0000499,ACCT000494,CUST000328,BEN000207,DEV000363,1,7470,16,8,5,9,6,0.0021055402026582447,88,High,SHARED_DEVICE; DEVICE_USED_BY_MULTIPLE_ACCOUNTS; DEVICE_LINKED_TO_SUSPICIOUS_ACTIVITY; SHARED_BENEFICIARY; BENEFICIARY_PAID_BY_MULTIPLE_ACCOUNTS; BENEFICIARY_LINKED_TO_HIGH_RISK_ACTIVITY; MULE_NETWORK_INDICATOR,,,63,Medium,High-risk jurisdiction exposure; Rapid movement of funds; High-value transaction; Cross-border transaction; Synthetic suspicious helper label present,65.4222,True,High,,,
TXN0002330,ACCT000178,CUST000186,BEN000614,DEV000010,1,7470,16,20,4,21,5,0.0021055402026582447,88,High,SHARED_DEVICE; DEVICE_USED_BY_MULTIPLE_ACCOUNTS; DEVICE_LINKED_TO_SUSPICIOUS_ACTIVITY; SHARED_BENEFICIARY; BENEFICIARY_PAID_BY_MULTIPLE_ACCOUNTS; BENEFICIARY_LINKED_TO_HIGH_RISK_ACTIVITY; MULE_NETWORK_INDICATOR,,,59,Medium,High-risk jurisdiction exposure; Account takeover style activity; Cross-border transaction; Synthetic suspicious helper label present,65.7244,True,High,,,
TXN0001072,ACCT000025,CUST000307,BEN000632,DEV000005,1,7470,31,14,3,15,4,0.004079484142650349,88,High,SHARED_DEVICE; DEVICE_USED_BY_MULTIPLE_ACCOUNTS; DEVICE_LINKED_TO_SUSPICIOUS_ACTIVITY; SHARED_BENEFICIARY; BENEFICIARY_PAID_BY_MULTIPLE_ACCOUNTS; BENEFICIARY_LINKED_TO_HIGH_RISK_ACTIVITY; MULE_NETWORK_INDICATOR,,,59,Medium,High-risk jurisdiction exposure; Account takeover style activity; Cross-border transaction; Synthetic suspicious helper label present,65.1513,True,High,,,
TXN0002972,ACCT000142,CUST000144,BEN000333,DEV000003,1,7470,37,18,8,19,9,0.004869061718647191,88,High,SHARED_DEVICE; DEVICE_USED_BY_MULTIPLE_ACCOUNTS; DEVICE_LINKED_TO_SUSPICIOUS_ACTIVITY; SHARED_BENEFICIARY; BENEFICIARY_PAID_BY_MULTIPLE_ACCOUNTS; BENEFICIARY_LINKED_TO_HIGH_RISK_ACTIVITY; MULE_NETWORK_INDICATOR,,,59,Medium,High-risk jurisdiction exposure; Account takeover style activity; Cross-border transaction; Synthetic suspicious helper label present,62.3584,True,High,,,
TXN0001826,ACCT000067,CUST000111,BEN000070,DEV000001,1,7470,28,17,2,18,3,0.0036846953546519285,88,High,SHARED_DEVICE; DEVICE_USED_BY_MULTIPLE_ACCOUNTS; DEVICE_LINKED_TO_SUSPICIOUS_ACTIVITY; SHARED_BENEFICIARY; BENEFICIARY_PAID_BY_MULTIPLE_ACCOUNTS; BENEFICIARY_LINKED_TO_HIGH_RISK_ACTIVITY; MULE_NETWORK_INDICATOR,0.9999574320671804,1.0,59,Medium,High-risk jurisdiction exposure; Account takeover style activity; Cross-border transaction; Synthetic suspicious helper label present,58.4658,True,High,77.45,High,Investigator review
TXN0001603,ACCT000687,CUST000196,BEN000385,DEV000009,1,7470,22,17,4,18,5,0.0028951177786550866,88,High,SHARED_DEVICE; DEVICE_USED_BY_MULTIPLE_ACCOUNTS; DEVICE_LINKED_TO_SUSPICIOUS_ACTIVITY; SHARED_BENEFICIARY; BENEFICIARY_PAID_BY_MULTIPLE_ACCOUNTS; BENEFICIARY_LINKED_TO_HIGH_RISK_ACTIVITY; MULE_NETWORK_INDICATOR,,,59,Medium,High-risk jurisdiction exposure; Account takeover style activity; Cross-border transaction; Synthetic suspicious helper label present,58.0266,True,High,,,
TXN0004582,ACCT000246,CUST000011,BEN000427,DEV000010,1,7470,42,20,4,21,5,0.005527043031977892,88,High,SHARED_DEVICE; DEVICE_USED_BY_MULTIPLE_ACCOUNTS; DEVICE_LINKED_TO_SUSPICIOUS_ACTIVITY; SHARED_BENEFICIARY; BENEFICIARY_PAID_BY_MULTIPLE_ACCOUNTS; BENEFICIARY_LINKED_TO_HIGH_RISK_ACTIVITY; MULE_NETWORK_INDICATOR,0.9999542956762304,1.0,59,Medium,High-risk jurisdiction exposure; Account takeover style activity; Cross-border transaction; Synthetic suspicious helper label present,57.705,True,High,77.45,High,Investigator review
TXN0001664,ACCT000360,CUST000349,BEN000767,DEV000010,1,7470,40,20,2,21,3,0.005263850506645611,88,High,SHARED_DEVICE; DEVICE_USED_BY_MULTIPLE_ACCOUNTS; DEVICE_LINKED_TO_SUSPICIOUS_ACTIVITY; SHARED_BENEFICIARY; BENEFICIARY_PAID_BY_MULTIPLE_ACCOUNTS; BENEFICIARY_LINKED_TO_HIGH_RISK_ACTIVITY; MULE_NETWORK_INDICATOR,,,59,Medium,High-risk jurisdiction exposure; Account takeover style activity; Cross-border transaction; Synthetic suspicious helper label present,57.1726,True,High,,,
TXN0001702,ACCT000296,CUST000103,BEN000219,DEV000177,1,7470,19,4,5,5,6,0.0025003289906566657,88,High,SHARED_DEVICE; DEVICE_USED_BY_MULTIPLE_ACCOUNTS; DEVICE_LINKED_TO_SUSPICIOUS_ACTIVITY; SHARED_BENEFICIARY; BENEFICIARY_PAID_BY_MULTIPLE_ACCOUNTS; BENEFICIARY_LINKED_TO_HIGH_RISK_ACTIVITY; MULE_NETWORK_INDICATOR,,,59,Medium,High-risk jurisdiction exposure; Account takeover style activity; Cross-border transaction; Synthetic suspicious helper label present,51.3809,True,Medium,,,
TXN0002797,ACCT000396,CUST000400,BEN000735,DEV000003,1,7470,31,18,6,19,7,0.004079484142650349,88,High,SHARED_DEVICE; DEVICE_USED_BY_MULTIPLE_ACCOUNTS; DEVICE_LINKED_TO_SUSPICIOUS_ACTIVITY; SHARED_BENEFICIARY; BENEFICIARY_PAID_BY_MULTIPLE_ACCOUNTS; BENEFICIARY_LINKED_TO_HIGH_RISK_ACTIVITY; MULE_NETWORK_INDICATOR,0.9998504225620783,1.0,59,Medium,High-risk jurisdiction exposure; Account takeover style activity; Cross-border transaction; Synthetic suspicious helper label present,50.5115,True,Medium,77.44,High,Investigator review
TXN0000772,ACCT000279,CUST000354,BEN000135,DEV000004,1,7470,24,29,4,30,5,0.003158310303987367,88,High,SHARED_DEVICE; DEVICE_USED_BY_MULTIPLE_ACCOUNTS; DEVICE_LINKED_TO_SUSPICIOUS_ACTIVITY; SHARED_BENEFICIARY; BENEFICIARY_PAID_BY_MULTIPLE_ACCOUNTS; BENEFICIARY_LINKED_TO_HIGH_RISK_ACTIVITY; MULE_NETWORK_INDICATOR,,,59,Medium,High-risk jurisdiction exposure; Account takeover style activity; Cross-border transaction; Synthetic suspicious helper label present,50.2855,True,Medium,,,
TXN0003494,ACCT000594,CUST000231,BEN000075,DEV000117,1,7470,22,9,5,10,6,0.0028951177786550866,88,High,SHARED_DEVICE; DEVICE_USED_BY_MULTIPLE_ACCOUNTS; DEVICE_LINKED_TO_SUSPICIOUS_ACTIVITY; SHARED_BENEFICIARY; BENEFICIARY_PAID_BY_MULTIPLE_ACCOUNTS; BENEFICIARY_LINKED_TO_HIGH_RISK_ACTIVITY; MULE_NETWORK_INDICATOR,0.9999053724298372,1.0,59,Medium,High-risk jurisdiction exposure; Account takeover style activity; Cross-border transaction; Synthetic suspicious helper label present,50.0087,True,Medium,77.45,High,Investigator review
TXN0003179,ACCT000362,CUST000298,BEN000451,DEV000448,1,7470,37,8,7,9,8,0.004869061718647191,88,High,SHARED_DEVICE; DEVICE_USED_BY_MULTIPLE_ACCOUNTS; DEVICE_LINKED_TO_SUSPICIOUS_ACTIVITY; SHARED_BENEFICIARY; BENEFICIARY_PAID_BY_MULTIPLE_ACCOUNTS; BENEFICIARY_LINKED_TO_HIGH_RISK_ACTIVITY; MULE_NETWORK_INDICATOR,,,59,Medium,High-risk jurisdiction exposure; Account takeover style activity; Cross-border transaction; Synthetic suspicious helper label present,49.7255,True,Medium,,,
TXN0001005,ACCT000389,CUST000332,BEN000283,DEV000537,1,7470,34,9,3,10,4,0.00447427293064877,88,High,SHARED_DEVICE; DEVICE_USED_BY_MULTIPLE_ACCOUNTS; DEVICE_LINKED_TO_SUSPICIOUS_ACTIVITY; SHARED_BENEFICIARY; BENEFICIARY_PAID_BY_MULTIPLE_ACCOUNTS; BENEFICIARY_LINKED_TO_HIGH_RISK_ACTIVITY; MULE_NETWORK_INDICATOR,,,59,Medium,High-risk jurisdiction exposure; Account takeover style activity; Cross-border transaction; Synthetic suspicious helper label present,48.2903,True,Medium,,,
TXN0003542,ACCT000476,CUST000275,BEN000017,DEV000283,1,7470,22,9,3,10,4,0.0028951177786550866,88,High,SHARED_DEVICE; DEVICE_USED_BY_MULTIPLE_ACCOUNTS; DEVICE_LINKED_TO_SUSPICIOUS_ACTIVITY; SHARED_BENEFICIARY; BENEFICIARY_PAID_BY_MULTIPLE_ACCOUNTS; BENEFICIARY_LINKED_TO_HIGH_RISK_ACTIVITY; MULE_NETWORK_INDICATOR,,,59,Medium,High-risk jurisdiction exposure; Account takeover style activity; Cross-border transaction; Synthetic suspicious helper label present,47.0522,True,Medium,,,
TXN0001636,ACCT000103,CUST000005,BEN000019,DEV000528,1,7470,40,9,4,10,5,0.005263850506645611,88,High,SHARED_DEVICE; DEVICE_USED_BY_MULTIPLE_ACCOUNTS; DEVICE_LINKED_TO_SUSPICIOUS_ACTIVITY; SHARED_BENEFICIARY; BENEFICIARY_PAID_BY_MULTIPLE_ACCOUNTS; BENEFICIARY_LINKED_TO_HIGH_RISK_ACTIVITY; MULE_NETWORK_INDICATOR,,,59,Medium,High-risk jurisdiction exposure; Account takeover style activity; Cross-border transaction; Synthetic suspicious helper label present,46.9333,True,Medium,,,
TXN0002001,ACCT000344,CUST000004,BEN000400,DEV000003,1,7470,16,18,7,19,8,0.0021055402026582447,88,High,SHARED_DEVICE; DEVICE_USED_BY_MULTIPLE_ACCOUNTS; DEVICE_LINKED_TO_SUSPICIOUS_ACTIVITY; SHARED_BENEFICIARY; BENEFICIARY_PAID_BY_MULTIPLE_ACCOUNTS; BENEFICIARY_LINKED_TO_HIGH_RISK_ACTIVITY; MULE_NETWORK_INDICATOR,0.9999274472724614,1.0,59,Medium,High-risk jurisdiction exposure; Account takeover style activity; Cross-border transaction; Synthetic suspicious helper label present,46.4116,True,Medium,77.45,High,Investigator review
TXN0001537,ACCT000113,CUST000320,BEN000188,DEV000502,1,7470,25,7,8,8,9,0.0032899065666535075,88,High,SHARED_DEVICE; DEVICE_USED_BY_MULTIPLE_ACCOUNTS; DEVICE_LINKED_TO_SUSPICIOUS_ACTIVITY; SHARED_BENEFICIARY; BENEFICIARY_PAID_BY_MULTIPLE_ACCOUNTS; BENEFICIARY_LINKED_TO_HIGH_RISK_ACTIVITY; BENEFICIARY_LINKED_TO_HIGH_VALUE_ACTIVITY; MULE_NETWORK_INDICATOR,,,57,Medium,Rapid movement of funds; New beneficiary high-value payment; High-value transaction; Cross-border transaction; Synthetic suspicious helper label present,82.6162,True,High,,,
TXN0001205,ACCT000531,CUST000439,BEN000449,DEV000551,1,7470,22,6,8,7,9,0.0028951177786550866,88,High,SHARED_DEVICE; DEVICE_USED_BY_MULTIPLE_ACCOUNTS; DEVICE_LINKED_TO_SUSPICIOUS_ACTIVITY; SHARED_BENEFICIARY; BENEFICIARY_PAID_BY_MULTIPLE_ACCOUNTS; BENEFICIARY_LINKED_TO_HIGH_RISK_ACTIVITY; MULE_NETWORK_INDICATOR,,,57,Medium,Rapid movement of funds; New beneficiary high-value payment; High-value transaction; Cross-border transaction; Synthetic suspicious helper label present,68.6812,True,High,,,
TXN0001332,ACCT000515,CUST000268,BEN000767,DEV000457,1,7470,37,12,2,13,3,0.004869061718647191,88,High,SHARED_DEVICE; DEVICE_USED_BY_MULTIPLE_ACCOUNTS; DEVICE_LINKED_TO_SUSPICIOUS_ACTIVITY; SHARED_BENEFICIARY; BENEFICIARY_PAID_BY_MULTIPLE_ACCOUNTS; BENEFICIARY_LINKED_TO_HIGH_RISK_ACTIVITY; MULE_NETWORK_INDICATOR,,,55,Medium,High-risk jurisdiction exposure; Mule-account style activity; Cross-border transaction; Synthetic suspicious helper label present,53.8621,True,Medium,,,
TXN0003683,ACCT000403,CUST000047,BEN000497,DEV000170,1,7470,13,7,10,8,11,0.0017107514146598238,88,High,SHARED_DEVICE; DEVICE_USED_BY_MULTIPLE_ACCOUNTS; DEVICE_LINKED_TO_SUSPICIOUS_ACTIVITY; SHARED_BENEFICIARY; BENEFICIARY_PAID_BY_MULTIPLE_ACCOUNTS; BENEFICIARY_LINKED_TO_HIGH_RISK_ACTIVITY; MULE_NETWORK_INDICATOR,0.9997250049450724,1.0,55,Medium,High-risk jurisdiction exposure; Mule-account style activity; Cross-border transaction; Synthetic suspicious helper label present,50.209,True,Medium,75.24,High,Investigator review
TXN0003620,ACCT000594,CUST000231,BEN000680,DEV000248,1,7470,22,12,5,13,6,0.0028951177786550866,88,High,SHARED_DEVICE; DEVICE_USED_BY_MULTIPLE_ACCOUNTS; DEVICE_LINKED_TO_SUSPICIOUS_ACTIVITY; SHARED_BENEFICIARY; BENEFICIARY_PAID_BY_MULTIPLE_ACCOUNTS; BENEFICIARY_LINKED_TO_HIGH_RISK_ACTIVITY; MULE_NETWORK_INDICATOR,0.9999413677738348,1.0,55,Medium,High-risk jurisdiction exposure; Mule-account style activity; Cross-border transaction; Synthetic suspicious helper label present,48.0381,True,Medium,75.25,High,Investigator review
TXN0004260,ACCT000419,CUST000341,BEN000632,DEV000458,1,7470,10,9,3,10,4,0.0013159626266614028,88,High,SHARED_DEVICE; DEVICE_USED_BY_MULTIPLE_ACCOUNTS; DEVICE_LINKED_TO_SUSPICIOUS_ACTIVITY; SHARED_BENEFICIARY; BENEFICIARY_PAID_BY_MULTIPLE_ACCOUNTS; BENEFICIARY_LINKED_TO_HIGH_RISK_ACTIVITY; MULE_NETWORK_INDICATOR,,,55,Medium,High-risk jurisdiction exposure; Mule-account style activity; Cross-border transaction; Synthetic suspicious helper label present,47.659,True,Medium,,,
TXN0001802,ACCT000273,CUST000205,BEN000432,DEV000227,1,7470,31,8,5,9,6,0.004079484142650349,88,High,SHARED_DEVICE; DEVICE_USED_BY_MULTIPLE_ACCOUNTS; DEVICE_LINKED_TO_SUSPICIOUS_ACTIVITY; SHARED_BENEFICIARY; BENEFICIARY_PAID_BY_MULTIPLE_ACCOUNTS; BENEFICIARY_LINKED_TO_HIGH_RISK_ACTIVITY; MULE_NETWORK_INDICATOR,,,55,Medium,High-risk jurisdiction exposure; Mule-account style activity; Cross-border transaction; Synthetic suspicious helper label present,46.8365,True,Medium,,,
TXN0001698,ACCT000238,CUST000466,BEN000519,DEV000502,1,7470,33,7,6,8,7,0.0043426766679826295,88,High,SHARED_DEVICE; DEVICE_USED_BY_MULTIPLE_ACCOUNTS; DEVICE_LINKED_TO_SUSPICIOUS_ACTIVITY; SHARED_BENEFICIARY; BENEFICIARY_PAID_BY_MULTIPLE_ACCOUNTS; BENEFICIARY_LINKED_TO_HIGH_RISK_ACTIVITY; MULE_NETWORK_INDICATOR,,,53,Medium,Structuring pattern indicator; Repeated round-amount activity; High-value transaction; Cross-border transaction; Synthetic suspicious helper label present,90.7562,True,Critical,,,
TXN0002084,ACCT000601,CUST000104,BEN000242,DEV000242,1,7470,37,9,11,10,12,0.004869061718647191,88,High,SHARED_DEVICE; DEVICE_USED_BY_MULTIPLE_ACCOUNTS; DEVICE_LINKED_TO_SUSPICIOUS_ACTIVITY; SHARED_BENEFICIARY; BENEFICIARY_PAID_BY_MULTIPLE_ACCOUNTS; BENEFICIARY_LINKED_TO_HIGH_RISK_ACTIVITY; MULE_NETWORK_INDICATOR,,,53,Medium,Structuring pattern indicator; Repeated round-amount activity; High-value transaction; Cross-border transaction; Synthetic suspicious helper label present,89.3272,True,Critical,,,
TXN0001964,ACCT000372,CUST000236,BEN000145,DEV000516,1,7470,28,7,3,8,4,0.0036846953546519285,88,High,SHARED_DEVICE; DEVICE_USED_BY_MULTIPLE_ACCOUNTS; DEVICE_LINKED_TO_SUSPICIOUS_ACTIVITY; SHARED_BENEFICIARY; BENEFICIARY_PAID_BY_MULTIPLE_ACCOUNTS; BENEFICIARY_LINKED_TO_HIGH_RISK_ACTIVITY; MULE_NETWORK_INDICATOR,,,53,Medium,Structuring pattern indicator; Repeated round-amount activity; High-value transaction; Cross-border transaction; Synthetic suspicious helper label present,88.3005,True,Critical,,,
TXN0002128,ACCT000564,CUST000033,BEN000458,DEV000065,1,7470,28,6,10,7,11,0.0036846953546519285,88,High,SHARED_DEVICE; DEVICE_USED_BY_MULTIPLE_ACCOUNTS; DEVICE_LINKED_TO_SUSPICIOUS_ACTIVITY; SHARED_BENEFICIARY; BENEFICIARY_PAID_BY_MULTIPLE_ACCOUNTS; BENEFICIARY_LINKED_TO_HIGH_RISK_ACTIVITY; BENEFICIARY_LINKED_TO_HIGH_VALUE_ACTIVITY; MULE_NETWORK_INDICATOR,,,53,Medium,Structuring pattern indicator; Repeated round-amount activity; High-value transaction; Cross-border transaction; Synthetic suspicious helper label present,88.0129,True,Critical,,,
TXN0002341,ACCT000569,CUST000075,BEN000188,DEV000575,1,7470,16,13,8,14,9,0.0021055402026582447,88,High,SHARED_DEVICE; DEVICE_USED_BY_MULTIPLE_ACCOUNTS; DEVICE_LINKED_TO_SUSPICIOUS_ACTIVITY; SHARED_BENEFICIARY; BENEFICIARY_PAID_BY_MULTIPLE_ACCOUNTS; BENEFICIARY_LINKED_TO_HIGH_RISK_ACTIVITY; BENEFICIARY_LINKED_TO_HIGH_VALUE_ACTIVITY; MULE_NETWORK_INDICATOR,0.9999998852654838,1.0,53,Medium,Structuring pattern indicator; Repeated round-amount activity; High-value transaction; Cross-border transaction; Synthetic suspicious helper label present,87.1279,True,Critical,74.15,High,Investigator review
TXN0000785,ACCT000546,CUST000238,BEN000114,DEV000573,1,7470,34,8,4,9,5,0.00447427293064877,88,High,SHARED_DEVICE; DEVICE_USED_BY_MULTIPLE_ACCOUNTS; DEVICE_LINKED_TO_SUSPICIOUS_ACTIVITY; SHARED_BENEFICIARY; BENEFICIARY_PAID_BY_MULTIPLE_ACCOUNTS; BENEFICIARY_LINKED_TO_HIGH_RISK_ACTIVITY; MULE_NETWORK_INDICATOR,,,53,Medium,Structuring pattern indicator; Repeated round-amount activity; High-value transaction; Cross-border transaction; Synthetic suspicious helper label present,86.861,True,Critical,,,
TXN0001120,ACCT000076,CUST000270,BEN000690,DEV000554,1,7470,31,8,6,9,7,0.004079484142650349,88,High,SHARED_DEVICE; DEVICE_USED_BY_MULTIPLE_ACCOUNTS; DEVICE_LINKED_TO_SUSPICIOUS_ACTIVITY; SHARED_BENEFICIARY; BENEFICIARY_PAID_BY_MULTIPLE_ACCOUNTS; BENEFICIARY_LINKED_TO_HIGH_RISK_ACTIVITY; MULE_NETWORK_INDICATOR,,,53,Medium,Structuring pattern indicator; Repeated round-amount activity; High-value transaction; Cross-border transaction; Synthetic suspicious helper label present,86.6665,True,Critical,,,
TXN0003228,ACCT000665,CUST000125,BEN000323,DEV000147,1,7470,19,7,10,8,11,0.0025003289906566657,88,High,SHARED_DEVICE; DEVICE_USED_BY_MULTIPLE_ACCOUNTS; DEVICE_LINKED_TO_SUSPICIOUS_ACTIVITY; SHARED_BENEFICIARY; BENEFICIARY_PAID_BY_MULTIPLE_ACCOUNTS; BENEFICIARY_LINKED_TO_HIGH_RISK_ACTIVITY; MULE_NETWORK_INDICATOR,0.9999965332178996,1.0,53,Medium,Structuring pattern indicator; Repeated round-amount activity; High-value transaction; Cross-border transaction; Synthetic suspicious helper label present,85.6695,True,Critical,74.15,High,Investigator review
TXN0001552,ACCT000048,CUST000025,BEN000316,DEV000194,1,7470,19,5,8,6,9,0.0025003289906566657,88,High,SHARED_DEVICE; DEVICE_USED_BY_MULTIPLE_ACCOUNTS; DEVICE_LINKED_TO_SUSPICIOUS_ACTIVITY; SHARED_BENEFICIARY; BENEFICIARY_PAID_BY_MULTIPLE_ACCOUNTS; BENEFICIARY_LINKED_TO_HIGH_RISK_ACTIVITY; MULE_NETWORK_INDICATOR,0.99999981311233,1.0,53,Medium,Structuring pattern indicator; Repeated round-amount activity; High-value transaction; Cross-border transaction; Synthetic suspicious helper label present,85.3704,True,Critical,74.15,High,Investigator review
TXN0003354,ACCT000458,CUST000359,BEN000290,DEV000447,1,7470,40,8,8,9,9,0.005263850506645611,88,High,SHARED_DEVICE; DEVICE_USED_BY_MULTIPLE_ACCOUNTS; DEVICE_LINKED_TO_SUSPICIOUS_ACTIVITY; SHARED_BENEFICIARY; BENEFICIARY_PAID_BY_MULTIPLE_ACCOUNTS; BENEFICIARY_LINKED_TO_HIGH_RISK_ACTIVITY; MULE_NETWORK_INDICATOR,,,53,Medium,Structuring pattern indicator; Repeated round-amount activity; High-value transaction; Cross-border transaction; Synthetic suspicious helper label present,85.2561,True,Critical,,,
TXN0001061,ACCT000646,CUST000408,BEN000775,DEV000044,1,7470,31,8,11,9,12,0.004079484142650349,88,High,SHARED_DEVICE; DEVICE_USED_BY_MULTIPLE_ACCOUNTS; DEVICE_LINKED_TO_SUSPICIOUS_ACTIVITY; SHARED_BENEFICIARY; BENEFICIARY_PAID_BY_MULTIPLE_ACCOUNTS; BENEFICIARY_LINKED_TO_HIGH_RISK_ACTIVITY; MULE_NETWORK_INDICATOR,,,53,Medium,Structuring pattern indicator; Repeated round-amount activity; High-value transaction; Cross-border transaction; Synthetic suspicious helper label present,85.1013,True,High,,,
TXN0001214,ACCT000474,CUST000031,BEN000330,DEV000183,1,7470,16,7,6,8,7,0.0021055402026582447,88,High,SHARED_DEVICE; DEVICE_USED_BY_MULTIPLE_ACCOUNTS; DEVICE_LINKED_TO_SUSPICIOUS_ACTIVITY; SHARED_BENEFICIARY; BENEFICIARY_PAID_BY_MULTIPLE_ACCOUNTS; BENEFICIARY_LINKED_TO_HIGH_RISK_ACTIVITY; MULE_NETWORK_INDICATOR,,,53,Medium,Structuring pattern indicator; Repeated round-amount activity; High-value transaction; Cross-border transaction; Synthetic suspicious helper label present,84.654,True,High,,,
TXN0000832,ACCT000065,CUST000047,BEN000122,DEV000398,1,7470,16,4,6,5,7,0.0021055402026582447,88,High,SHARED_DEVICE; DEVICE_USED_BY_MULTIPLE_ACCOUNTS; DEVICE_LINKED_TO_SUSPICIOUS_ACTIVITY; SHARED_BENEFICIARY; BENEFICIARY_PAID_BY_MULTIPLE_ACCOUNTS; BENEFICIARY_LINKED_TO_HIGH_RISK_ACTIVITY; MULE_NETWORK_INDICATOR,,,53,Medium,Structuring pattern indicator; Repeated round-amount activity; High-value transaction; Cross-border transaction; Synthetic suspicious helper label present,84.377,True,High,,,
TXN0002718,ACCT000084,CUST000038,BEN000280,DEV000582,1,7470,46,6,9,7,10,0.006053428082642453,88,High,SHARED_DEVICE; DEVICE_USED_BY_MULTIPLE_ACCOUNTS; DEVICE_LINKED_TO_SUSPICIOUS_ACTIVITY; SHARED_BENEFICIARY; BENEFICIARY_PAID_BY_MULTIPLE_ACCOUNTS; BENEFICIARY_LINKED_TO_HIGH_RISK_ACTIVITY; MULE_NETWORK_INDICATOR,0.9999999986566808,1.0,53,Medium,Structuring pattern indicator; Repeated round-amount activity; High-value transaction; Cross-border transaction; Synthetic suspicious helper label present,84.0995,True,High,74.15,High,Investigator review
TXN0000564,ACCT000481,CUST000303,BEN000221,DEV000421,1,7470,16,13,12,14,13,0.0021055402026582447,88,High,SHARED_DEVICE; DEVICE_USED_BY_MULTIPLE_ACCOUNTS; DEVICE_LINKED_TO_SUSPICIOUS_ACTIVITY; SHARED_BENEFICIARY; BENEFICIARY_PAID_BY_MULTIPLE_ACCOUNTS; BENEFICIARY_LINKED_TO_HIGH_RISK_ACTIVITY; MULE_NETWORK_INDICATOR,,,53,Medium,Structuring pattern indicator; Repeated round-amount activity; High-value transaction; Cross-border transaction; Synthetic suspicious helper label present,83.856,True,High,,,
TXN0004563,ACCT000285,CUST000285,BEN000140,DEV000445,1,7470,22,6,8,7,9,0.0028951177786550866,88,High,SHARED_DEVICE; DEVICE_USED_BY_MULTIPLE_ACCOUNTS; DEVICE_LINKED_TO_SUSPICIOUS_ACTIVITY; SHARED_BENEFICIARY; BENEFICIARY_PAID_BY_MULTIPLE_ACCOUNTS; BENEFICIARY_LINKED_TO_HIGH_RISK_ACTIVITY; MULE_NETWORK_INDICATOR,,,53,Medium,Structuring pattern indicator; Repeated round-amount activity; High-value transaction; Cross-border transaction; Synthetic suspicious helper label present,83.419,True,High,,,
TXN0000604,ACCT000067,CUST000111,BEN000043,DEV000285,1,7470,28,5,3,6,4,0.0036846953546519285,88,High,SHARED_DEVICE; DEVICE_USED_BY_MULTIPLE_ACCOUNTS; DEVICE_LINKED_TO_SUSPICIOUS_ACTIVITY; SHARED_BENEFICIARY; BENEFICIARY_PAID_BY_MULTIPLE_ACCOUNTS; BENEFICIARY_LINKED_TO_HIGH_RISK_ACTIVITY; MULE_NETWORK_INDICATOR,,,53,Medium,Structuring pattern indicator; Repeated round-amount activity; High-value transaction; Cross-border transaction; Synthetic suspicious helper label present,82.9287,True,High,,,
TXN0003777,ACCT000093,CUST000264,BEN000560,DEV000283,1,7470,16,9,5,10,6,0.0021055402026582447,88,High,SHARED_DEVICE; DEVICE_USED_BY_MULTIPLE_ACCOUNTS; DEVICE_LINKED_TO_SUSPICIOUS_ACTIVITY; SHARED_BENEFICIARY; BENEFICIARY_PAID_BY_MULTIPLE_ACCOUNTS; BENEFICIARY_LINKED_TO_HIGH_RISK_ACTIVITY; MULE_NETWORK_INDICATOR,,,53,Medium,Structuring pattern indicator; Repeated round-amount activity; High-value transaction; Cross-border transaction; Synthetic suspicious helper label present,82.7788,True,High,,,
TXN0000942,ACCT000224,CUST000263,BEN000761,DEV000588,1,7470,28,10,6,11,7,0.0036846953546519285,88,High,SHARED_DEVICE; DEVICE_USED_BY_MULTIPLE_ACCOUNTS; DEVICE_LINKED_TO_SUSPICIOUS_ACTIVITY; SHARED_BENEFICIARY; BENEFICIARY_PAID_BY_MULTIPLE_ACCOUNTS; BENEFICIARY_LINKED_TO_HIGH_RISK_ACTIVITY; MULE_NETWORK_INDICATOR,0.9999998923101452,1.0,53,Medium,Structuring pattern indicator; Repeated round-amount activity; High-value transaction; Cross-border transaction; Synthetic suspicious helper label present,82.7502,True,High,74.15,High,Investigator review
TXN0003852,ACCT000088,CUST000495,BEN000253,DEV000417,1,7470,22,9,5,10,6,0.0028951177786550866,88,High,SHARED_DEVICE; DEVICE_USED_BY_MULTIPLE_ACCOUNTS; DEVICE_LINKED_TO_SUSPICIOUS_ACTIVITY; SHARED_BENEFICIARY; BENEFICIARY_PAID_BY_MULTIPLE_ACCOUNTS; BENEFICIARY_LINKED_TO_HIGH_RISK_ACTIVITY; BENEFICIARY_LINKED_TO_HIGH_VALUE_ACTIVITY; MULE_NETWORK_INDICATOR,0.9999999404370086,1.0,53,Medium,Structuring pattern indicator; Repeated round-amount activity; High-value transaction; Cross-border transaction; Synthetic suspicious helper label present,82.3435,True,High,74.15,High,Investigator review
TXN0002826,ACCT000473,CUST000249,BEN000734,DEV000305,1,7470,21,12,6,13,7,0.002763521515988946,88,High,SHARED_DEVICE; DEVICE_USED_BY_MULTIPLE_ACCOUNTS; DEVICE_LINKED_TO_SUSPICIOUS_ACTIVITY; SHARED_BENEFICIARY; BENEFICIARY_PAID_BY_MULTIPLE_ACCOUNTS; BENEFICIARY_LINKED_TO_HIGH_RISK_ACTIVITY; MULE_NETWORK_INDICATOR,,,53,Medium,Structuring pattern indicator; Repeated round-amount activity; High-value transaction; Cross-border transaction; Synthetic suspicious helper label present,82.0928,True,High,,,
TXN0000867,ACCT000683,CUST000085,BEN000503,DEV000352,1,7470,22,7,6,8,7,0.0028951177786550866,88,High,SHARED_DEVICE; DEVICE_USED_BY_MULTIPLE_ACCOUNTS; DEVICE_LINKED_TO_SUSPICIOUS_ACTIVITY; SHARED_BENEFICIARY; BENEFICIARY_PAID_BY_MULTIPLE_ACCOUNTS; BENEFICIARY_LINKED_TO_HIGH_RISK_ACTIVITY; MULE_NETWORK_INDICATOR,,,53,Medium,Structuring pattern indicator; Repeated round-amount activity; High-value transaction; Cross-border transaction; Synthetic suspicious helper label present,81.7368,True,High,,,
TXN0000255,ACCT000437,CUST000080,BEN000116,DEV000564,1,7470,22,10,6,11,7,0.0028951177786550866,88,High,SHARED_DEVICE; DEVICE_USED_BY_MULTIPLE_ACCOUNTS; DEVICE_LINKED_TO_SUSPICIOUS_ACTIVITY; SHARED_BENEFICIARY; BENEFICIARY_PAID_BY_MULTIPLE_ACCOUNTS; BENEFICIARY_LINKED_TO_HIGH_RISK_ACTIVITY; MULE_NETWORK_INDICATOR,0.999999874443638,1.0,53,Medium,Structuring pattern indicator; Repeated round-amount activity; High-value transaction; Cross-border transaction; Synthetic suspicious helper label present,81.4971,True,High,74.15,High,Investigator review
TXN0002617,ACCT000200,CUST000189,BEN000337,DEV000519,1,7470,19,10,4,11,5,0.0025003289906566657,88,High,SHARED_DEVICE; DEVICE_USED_BY_MULTIPLE_ACCOUNTS; DEVICE_LINKED_TO_SUSPICIOUS_ACTIVITY; SHARED_BENEFICIARY; BENEFICIARY_PAID_BY_MULTIPLE_ACCOUNTS; BENEFICIARY_LINKED_TO_HIGH_RISK_ACTIVITY; MULE_NETWORK_INDICATOR,,,53,Medium,Structuring pattern indicator; Repeated round-amount activity; High-value transaction; Cross-border transaction; Synthetic suspicious helper label present,81.4274,True,High,,,
TXN0004341,ACCT000499,CUST000377,BEN000510,DEV000130,1,7470,19,3,5,4,6,0.0025003289906566657,88,High,SHARED_DEVICE; DEVICE_USED_BY_MULTIPLE_ACCOUNTS; DEVICE_LINKED_TO_SUSPICIOUS_ACTIVITY; SHARED_BENEFICIARY; BENEFICIARY_PAID_BY_MULTIPLE_ACCOUNTS; BENEFICIARY_LINKED_TO_HIGH_RISK_ACTIVITY; BENEFICIARY_LINKED_TO_HIGH_VALUE_ACTIVITY; MULE_NETWORK_INDICATOR,,,53,Medium,Structuring pattern indicator; Repeated round-amount activity; High-value transaction; Cross-border transaction; Synthetic suspicious helper label present,80.3771,True,High,,,
TXN0000173,ACCT000052,CUST000178,BEN000485,DEV000293,1,7470,22,6,5,7,6,0.0028951177786550866,88,High,SHARED_DEVICE; DEVICE_USED_BY_MULTIPLE_ACCOUNTS; DEVICE_LINKED_TO_SUSPICIOUS_ACTIVITY; SHARED_BENEFICIARY; BENEFICIARY_PAID_BY_MULTIPLE_ACCOUNTS; BENEFICIARY_LINKED_TO_HIGH_RISK_ACTIVITY; MULE_NETWORK_INDICATOR,,,53,Medium,Structuring pattern indicator; Repeated round-amount activity; High-value transaction; Cross-border transaction; Synthetic suspicious helper label present,78.8286,True,High,,,
TXN0001797,ACCT000286,CUST000309,BEN000124,DEV000478,1,7470,19,11,6,12,7,0.0025003289906566657,88,High,SHARED_DEVICE; DEVICE_USED_BY_MULTIPLE_ACCOUNTS; DEVICE_LINKED_TO_SUSPICIOUS_ACTIVITY; SHARED_BENEFICIARY; BENEFICIARY_PAID_BY_MULTIPLE_ACCOUNTS; BENEFICIARY_LINKED_TO_HIGH_RISK_ACTIVITY; MULE_NETWORK_INDICATOR,,,53,Medium,Structuring pattern indicator; Repeated round-amount activity; High-value transaction; Cross-border transaction; Synthetic suspicious helper label present,78.3023,True,High,,,
TXN0004884,ACCT000219,CUST000004,BEN000430,DEV000028,1,7470,25,10,4,11,5,0.0032899065666535075,88,High,SHARED_DEVICE; DEVICE_USED_BY_MULTIPLE_ACCOUNTS; DEVICE_LINKED_TO_SUSPICIOUS_ACTIVITY; SHARED_BENEFICIARY; BENEFICIARY_PAID_BY_MULTIPLE_ACCOUNTS; BENEFICIARY_LINKED_TO_HIGH_RISK_ACTIVITY; MULE_NETWORK_INDICATOR,,,53,Medium,Structuring pattern indicator; Repeated round-amount activity; High-value transaction; Cross-border transaction; Synthetic suspicious helper label present,77.9843,True,High,,,
